{
  "test1_recall_vs_speedup": {
    "100000": {
      "1R m=8": {
        "recall": 0.076,
        "speedup": 16.0,
        "rounds": [
          8
        ]
      },
      "1R m=16": {
        "recall": 0.166,
        "speedup": 8.0,
        "rounds": [
          16
        ]
      },
      "1R m=24": {
        "recall": 0.22399999999999998,
        "speedup": 5.333333333333333,
        "rounds": [
          24
        ]
      },
      "1R m=32": {
        "recall": 0.328,
        "speedup": 4.0,
        "rounds": [
          32
        ]
      },
      "1R m=48": {
        "recall": 0.45600000000000007,
        "speedup": 2.6666666666666665,
        "rounds": [
          48
        ]
      },
      "1R m=64": {
        "recall": 0.632,
        "speedup": 2.0,
        "rounds": [
          64
        ]
      },
      "2R 8->128": {
        "recall": 0.238,
        "speedup": 14.814814814814815,
        "rounds": [
          8,
          128
        ]
      },
      "2R 16->128": {
        "recall": 0.418,
        "speedup": 7.692307692307692,
        "rounds": [
          16,
          128
        ]
      },
      "2R 24->128": {
        "recall": 0.504,
        "speedup": 5.194805194805195,
        "rounds": [
          24,
          128
        ]
      },
      "3R 8->24->128": {
        "recall": 0.158,
        "speedup": 14.611872146118719,
        "rounds": [
          8,
          24,
          128
        ]
      },
      "3R 8->32->128": {
        "recall": 0.16599999999999998,
        "speedup": 14.545454545454543,
        "rounds": [
          8,
          32,
          128
        ]
      },
      "3R 16->48->128": {
        "recall": 0.388,
        "speedup": 7.5829383886255926,
        "rounds": [
          16,
          48,
          128
        ]
      }
    },
    "500000": {
      "1R m=8": {
        "recall": 0.036000000000000004,
        "speedup": 16.0,
        "rounds": [
          8
        ]
      },
      "1R m=16": {
        "recall": 0.11200000000000002,
        "speedup": 8.0,
        "rounds": [
          16
        ]
      },
      "1R m=24": {
        "recall": 0.182,
        "speedup": 5.333333333333333,
        "rounds": [
          24
        ]
      },
      "1R m=32": {
        "recall": 0.252,
        "speedup": 4.0,
        "rounds": [
          32
        ]
      },
      "1R m=48": {
        "recall": 0.42000000000000004,
        "speedup": 2.6666666666666665,
        "rounds": [
          48
        ]
      },
      "1R m=64": {
        "recall": 0.5980000000000001,
        "speedup": 2.0,
        "rounds": [
          64
        ]
      },
      "2R 8->128": {
        "recall": 0.142,
        "speedup": 15.748031496062993,
        "rounds": [
          8,
          128
        ]
      },
      "2R 16->128": {
        "recall": 0.28200000000000003,
        "speedup": 7.936507936507937,
        "rounds": [
          16,
          128
        ]
      },
      "2R 24->128": {
        "recall": 0.39599999999999996,
        "speedup": 5.305039787798409,
        "rounds": [
          24,
          128
        ]
      },
      "3R 8->24->128": {
        "recall": 0.122,
        "speedup": 15.701668302257115,
        "rounds": [
          8,
          24,
          128
        ]
      },
      "3R 8->32->128": {
        "recall": 0.076,
        "speedup": 15.68627450980392,
        "rounds": [
          8,
          32,
          128
        ]
      },
      "3R 16->48->128": {
        "recall": 0.266,
        "speedup": 7.9129574678536105,
        "rounds": [
          16,
          48,
          128
        ]
      }
    },
    "1000000": {
      "1R m=8": {
        "recall": 0.018,
        "speedup": 16.0,
        "rounds": [
          8
        ]
      },
      "1R m=16": {
        "recall": 0.062,
        "speedup": 8.0,
        "rounds": [
          16
        ]
      },
      "1R m=24": {
        "recall": 0.15199999999999997,
        "speedup": 5.333333333333333,
        "rounds": [
          24
        ]
      },
      "1R m=32": {
        "recall": 0.23600000000000004,
        "speedup": 4.0,
        "rounds": [
          32
        ]
      },
      "1R m=48": {
        "recall": 0.398,
        "speedup": 2.6666666666666665,
        "rounds": [
          48
        ]
      },
      "1R m=64": {
        "recall": 0.542,
        "speedup": 2.0,
        "rounds": [
          64
        ]
      },
      "2R 8->128": {
        "recall": 0.064,
        "speedup": 15.873015873015873,
        "rounds": [
          8,
          128
        ]
      },
      "2R 16->128": {
        "recall": 0.22399999999999998,
        "speedup": 7.968127490039841,
        "rounds": [
          16,
          128
        ]
      },
      "2R 24->128": {
        "recall": 0.372,
        "speedup": 5.319148936170213,
        "rounds": [
          24,
          128
        ]
      },
      "3R 8->24->128": {
        "recall": 0.068,
        "speedup": 15.849430411094602,
        "rounds": [
          8,
          24,
          128
        ]
      },
      "3R 8->32->128": {
        "recall": 0.08199999999999999,
        "speedup": 15.841584158415841,
        "rounds": [
          8,
          32,
          128
        ]
      },
      "3R 16->48->128": {
        "recall": 0.21200000000000002,
        "speedup": 7.956240676280457,
        "rounds": [
          16,
          48,
          128
        ]
      }
    }
  },
  "test2_structured_vs_random": {
    "random": {
      "recall": 0.172,
      "speedup": 14.611872146118719
    },
    "kappa_10": {
      "recall": 0.202,
      "speedup": 14.611872146118719
    },
    "kappa_50": {
      "recall": 0.246,
      "speedup": 14.611872146118719
    },
    "kappa_200": {
      "recall": 0.588,
      "speedup": 14.611872146118719
    }
  },
  "test3_scaling_with_n": {
    "10000": {
      "brute_force_time_ms": 7.077614415902644,
      "coarse_to_fine_time_ms": 13.975018414203078,
      "wall_speedup": 0.5064475914185222,
      "ops_speedup": 2.2222222222222223,
      "recall": 0.982
    },
    "50000": {
      "brute_force_time_ms": 30.71669319178909,
      "coarse_to_fine_time_ms": 45.67254119319841,
      "wall_speedup": 0.6725418027837576,
      "ops_speedup": 7.142857142857143,
      "recall": 0.8220000000000001
    },
    "100000": {
      "brute_force_time_ms": 57.77596100233495,
      "coarse_to_fine_time_ms": 90.51233179634437,
      "wall_speedup": 0.6383214293090218,
      "ops_speedup": 9.876543209876543,
      "recall": 0.736
    },
    "500000": {
      "brute_force_time_ms": 304.09200759604573,
      "coarse_to_fine_time_ms": 380.51441800780594,
      "wall_speedup": 0.7991602767330817,
      "ops_speedup": 14.234875444839858,
      "recall": 0.502
    },
    "1000000": {
      "brute_force_time_ms": 586.9221182074398,
      "coarse_to_fine_time_ms": 740.1049987995066,
      "wall_speedup": 0.7930254749791742,
      "ops_speedup": 15.065913370998114,
      "recall": 0.41600000000000004
    }
  },
  "total_time_seconds": 736.3899915218353,
  "parameters": {
    "d": 128,
    "b": 2,
    "k": 100,
    "n_repeats": 5,
    "library_available": true
  }
}